{"cameraMode":{"drawMode":0,"name":"Shaded","section":"Shading Mode"},"sceneLighting":false,"audioPlay":false,"sceneViewState":{"m_AlwaysRefresh":false,"showFog":true,"showSkybox":false,"showFlares":true,"showImageEffects":true,"showParticleSystems":true,"showVisualEffectGraphs":true,"m_FxEnabled":true},"in2DMode":false,"pivot":{"x":-3.520010471343994,"y":1.7846063375473023,"z":0.36149460077285769},"rotation":{"x":0.09311667084693909,"y":0.6754586100578308,"z":-0.08659064769744873,"w":0.7263610363006592},"size":0.49870583415031435,"orthographic":false}